concurrency,idx,server,start,end,dur,out_len,err
1,0,http://127.0.0.1:18080,1780859730.405,1780859759.093,28.687,4,
1,1,http://127.0.0.1:18080,1780859759.264,1780859787.48,28.215,8,
1,2,http://127.0.0.1:18080,1780859787.625,1780859814.794,27.17,3,
1,3,http://127.0.0.1:18080,1780859814.94,1780859842.154,27.214,11,
1,4,http://127.0.0.1:18080,1780859842.323,1780859870.048,27.726,6,
1,5,http://127.0.0.1:18080,1780859870.204,1780859897.884,27.68,5,
2,0,http://127.0.0.1:18080,1780859898.168,1780859926.8,28.631,4,
2,1,http://127.0.0.1:18080,1780859898.685,1780859933.485,34.8,8,
2,2,http://127.0.0.1:18080,1780859927.031,1780859961.922,34.891,3,
2,3,http://127.0.0.1:18080,1780859933.747,1780859968.74,34.993,7,
2,4,http://127.0.0.1:18080,1780859962.183,1780859997.488,35.305,6,
2,5,http://127.0.0.1:18080,1780859968.966,1780860004.184,35.218,5,
4,0,http://127.0.0.1:18080,1780860004.427,1780860034.261,29.834,4,
4,3,http://127.0.0.1:18080,1780860004.488,1780860041.575,37.087,11,
4,1,http://127.0.0.1:18080,1780860005.003,1780860041.591,36.587,8,
4,2,http://127.0.0.1:18080,1780860004.996,1780860041.595,36.599,3,
4,4,http://127.0.0.1:18080,1780860034.506,1780860069.09,34.583,6,
4,5,http://127.0.0.1:18080,1780860041.833,1780860075.704,33.871,5,
